{
  "robustness": {
    "meralion-2-10b": {
      "clean": {
        "wer": 0.1356270549553781,
        "cer": 0.03330832708177044
      },
      "avg_delta_wer": 0.005873910547466212,
      "worst_delta_wer": 0.05847815875998122,
      "worst_corruption": "noise_snr_db_10 (19.4%)"
    },
    "meralion-2-3b": {
      "clean": {
        "wer": 0.13057773602630343,
        "cer": 0.031100632300932376
      },
      "avg_delta_wer": 0.005372892855278947,
      "worst_delta_wer": 0.0512760294347894,
      "worst_corruption": "noise_snr_db_10 (18.2%)"
    },
    "whisper-small": {
      "clean": {
        "wer": 0.17895725692813527,
        "cer": 0.060529418068802916
      },
      "avg_delta_wer": 0.09578049162361048,
      "worst_delta_wer": 0.7760685767966181,
      "worst_corruption": "reverb_decay_0.8 (95.5%)"
    }
  },
  "self_curated": {
    "meralion-2-10b": {
      "clean": {
        "wer": 0.6654676258992805,
        "cer": 0.5297334244702666
      },
      "avg_delta_wer": -0.08529176658673059,
      "worst_delta_wer": 0.003597122302158251,
      "worst_corruption": "clipping_ratio_0.8 (66.9%)"
    },
    "meralion-2-3b": {
      "clean": {
        "wer": 0.38848920863309355,
        "cer": 0.2966507177033493
      },
      "avg_delta_wer": 0.028297362110311728,
      "worst_delta_wer": 0.28177458033573144,
      "worst_corruption": "noise_snr_db_10 (67.0%)"
    },
    "whisper-small": {
      "clean": {
        "wer": 0.5215827338129496,
        "cer": 0.4278879015721121
      },
      "avg_delta_wer": 0.06402877697841729,
      "worst_delta_wer": 0.3848920863309353,
      "worst_corruption": "reverb_decay_0.8 (90.6%)"
    }
  }
}