{
  "MERaLiON-2-10B": {
    "precision": 0.0,
    "recall": 0.0,
    "f1": 0.0,
    "tp": 0,
    "fp": 0,
    "fn": 0,
    "tn": 0
  },
  "Whisper-small": {
    "precision": 0.9999999987499999,
    "recall": 0.6153846149112425,
    "f1": 0.761904756462585,
    "tp": 8,
    "fp": 0,
    "fn": 5,
    "tn": 2
  }
}